Trade Type,Trade Open Time,Trade Open Price,Trade Close Time,Trade Close Price,Trade P/L
buy,2017-09-25 15:15:00+00:00,1.18705,2017-09-25 16:45:00+00:00,1.18868,0.0014300000000000202
short,2017-10-11 17:05:00+00:00,1.18502,2017-10-11 22:40:00+00:00,1.18663,-0.0018100000000001114
buy,2017-10-13 20:55:00+00:00,1.1825,2017-10-16 01:10:00+00:00,1.18078,-0.001920000000000166
short,2017-10-20 21:05:00+00:00,1.17752,2017-10-23 02:30:00+00:00,1.17587,0.0014499999999999292
short,2017-10-23 06:00:00+00:00,1.17682,2017-10-23 10:05:00+00:00,1.17521,0.0014099999999998892
buy,2017-10-26 20:05:00+00:00,1.16783,2017-10-26 21:00:00+00:00,1.16628,-0.0017499999999999404
buy,2017-11-06 16:45:00+00:00,1.159,2017-11-06 19:00:00+00:00,1.1606,0.0014000000000000457
buy,2017-11-07 11:25:00+00:00,1.15722,2017-11-07 17:30:00+00:00,1.15877,0.0013500000000001623
short,2017-11-14 21:00:00+00:00,1.17986,2017-11-15 09:10:00+00:00,1.1814,-0.001740000000000097
buy,2017-11-17 10:30:00+00:00,1.17972,2017-11-17 15:45:00+00:00,1.17785,-0.0020700000000000384
short,2017-12-13 22:55:00+00:00,1.18249,2017-12-14 01:35:00+00:00,1.18403,-0.0017399999999998745
short,2017-12-19 21:05:00+00:00,1.18456,2017-12-20 08:55:00+00:00,1.18292,0.0014400000000000857
short,2017-12-28 05:50:00+00:00,1.19096,2017-12-28 07:20:00+00:00,1.19251,-0.0017499999999999404
buy,2018-01-17 23:30:00+00:00,1.22064,2018-01-17 23:50:00+00:00,1.21785,-0.002989999999999848
buy,2018-02-20 05:55:00+00:00,1.23857,2018-02-20 09:30:00+00:00,1.23613,-0.0026399999999999983
buy,2018-02-26 17:55:00+00:00,1.22898,2018-02-26 18:10:00+00:00,1.23048,0.0013000000000000563
buy,2018-03-19 04:50:00+00:00,1.22672,2018-03-19 12:20:00+00:00,1.22825,0.0013300000000000308
buy,2018-03-20 15:55:00+00:00,1.22844,2018-03-20 16:45:00+00:00,1.22668,-0.0019599999999999843
buy,2018-04-30 02:40:00+00:00,1.21203,2018-04-30 08:45:00+00:00,1.21355,0.0013199999999999653
buy,2018-04-30 15:10:00+00:00,1.20786,2018-04-30 19:30:00+00:00,1.2095,0.0014400000000000853
short,2018-05-31 23:55:00+00:00,1.16927,2018-06-01 07:50:00+00:00,1.1676,0.0014700000000000598
buy,2018-07-11 21:10:00+00:00,1.16713,2018-07-12 10:15:00+00:00,1.16907,0.0017400000000000527
buy,2018-08-03 22:55:00+00:00,1.15728,2018-08-06 07:20:00+00:00,1.15576,-0.001720000000000188
short,2018-08-07 23:35:00+00:00,1.15981,2018-08-08 06:05:00+00:00,1.16178,-0.002170000000000027
buy,2018-08-13 19:55:00+00:00,1.13937,2018-08-13 23:55:00+00:00,1.14093,0.0013600000000000053
buy,2018-08-14 19:40:00+00:00,1.1344,2018-08-15 05:45:00+00:00,1.13267,-0.0019300000000000098
buy,2018-09-07 16:30:00+00:00,1.15802,2018-09-07 19:15:00+00:00,1.15604,-0.0021800000000000933
buy,2018-09-24 16:00:00+00:00,1.17788,2018-09-24 16:05:00+00:00,1.17998,0.0018999999999999902
buy,2018-11-12 20:15:00+00:00,1.12448,2018-11-12 23:05:00+00:00,1.12297,-0.0017099999999999008
short,2018-12-24 03:15:00+00:00,1.13781,2018-12-24 10:15:00+00:00,1.13936,-0.0017499999999999408
buy,2019-01-08 06:25:00+00:00,1.14371,2019-01-08 08:15:00+00:00,1.14531,0.0014000000000000453
buy,2019-01-10 12:05:00+00:00,1.15246,2019-01-10 15:20:00+00:00,1.15435,0.0016899999999999468
buy,2019-02-11 20:00:00+00:00,1.12714,2019-02-12 09:20:00+00:00,1.12865,0.0013099999999998998
buy,2019-02-20 23:40:00+00:00,1.13367,2019-02-21 07:15:00+00:00,1.13517,0.0013000000000000563
short,2019-02-27 12:55:00+00:00,1.13946,2019-02-27 17:10:00+00:00,1.1373,0.0019599999999999397
buy,2019-03-07 17:00:00+00:00,1.12358,2019-03-07 18:45:00+00:00,1.12208,-0.001700000000000057
short,2019-03-08 02:00:00+00:00,1.11923,2019-03-08 08:45:00+00:00,1.1208,-0.001770000000000071
short,2019-03-22 00:20:00+00:00,1.13763,2019-03-22 11:30:00+00:00,1.1321,0.005329999999999813
short,2019-04-25 01:55:00+00:00,1.1158,2019-04-25 11:20:00+00:00,1.1137,0.0018999999999999907
buy,2019-05-20 08:30:00+00:00,1.11518,2019-05-20 17:15:00+00:00,1.11683,0.0014499999999999292
short,2019-06-05 05:30:00+00:00,1.12624,2019-06-05 11:40:00+00:00,1.12775,-0.0017100000000001224
short,2019-06-19 18:45:00+00:00,1.12167,2019-06-19 21:00:00+00:00,1.12438,-0.0029099999999999903
short,2019-06-20 06:45:00+00:00,1.12696,2019-06-20 10:20:00+00:00,1.12864,-0.0018800000000001255
buy,2019-07-05 12:45:00+00:00,1.1261,2019-07-05 15:35:00+00:00,1.12399,-0.002310000000000057
short,2019-08-05 15:20:00+00:00,1.11786,2019-08-05 17:10:00+00:00,1.11968,-0.0020199999999999333
short,2019-08-12 16:55:00+00:00,1.12178,2019-08-13 05:20:00+00:00,1.12017,0.0014099999999998888
short,2019-08-22 02:00:00+00:00,1.10909,2019-08-22 11:00:00+00:00,1.11105,-0.0021600000000001843
buy,2019-08-23 05:55:00+00:00,1.10739,2019-08-23 12:40:00+00:00,1.10573,-0.0018599999999999953
buy,2019-08-27 02:45:00+00:00,1.11015,2019-08-28 04:45:00+00:00,1.1086,-0.0017499999999999408
buy,2019-09-05 07:05:00+00:00,1.10278,2019-09-05 12:30:00+00:00,1.10434,0.0013600000000000053
buy,2019-09-16 14:30:00+00:00,1.10399,2019-09-16 16:00:00+00:00,1.10234,-0.0018499999999999298
buy,2019-09-20 17:55:00+00:00,1.10112,2019-09-23 10:30:00+00:00,1.09796,-0.003360000000000052
short,2019-10-10 11:10:00+00:00,1.10153,2019-10-10 12:50:00+00:00,1.10306,-0.0017300000000000301
buy,2019-10-24 18:50:00+00:00,1.10966,2019-10-25 10:35:00+00:00,1.11121,0.0013499999999999415
short,2019-11-01 18:45:00+00:00,1.11698,2019-11-04 10:10:00+00:00,1.11512,0.001660000000000196
buy,2019-11-21 20:35:00+00:00,1.10596,2019-11-22 10:45:00+00:00,1.10748,0.0013199999999999653
short,2019-12-02 17:55:00+00:00,1.10708,2019-12-02 18:25:00+00:00,1.10882,-0.0019399999999998533
short,2019-12-02 18:35:00+00:00,1.10828,2019-12-03 12:25:00+00:00,1.10675,0.0013300000000000325
short,2019-12-27 05:35:00+00:00,1.11194,2019-12-27 10:05:00+00:00,1.11386,-0.0021200000000001426
buy,2020-01-02 07:40:00+00:00,1.1203,2020-01-02 13:50:00+00:00,1.11876,-0.0017400000000000956
buy,2020-02-03 03:20:00+00:00,1.1085,2020-02-03 10:45:00+00:00,1.10684,-0.0018599999999999936
buy,2020-02-07 19:40:00+00:00,1.09462,2020-02-10 16:05:00+00:00,1.09294,-0.0018799999999999026
short,2020-02-24 17:55:00+00:00,1.0856,2020-02-24 19:55:00+00:00,1.0871,-0.0017000000000000556
short,2020-03-11 05:10:00+00:00,1.13223,2020-03-11 07:55:00+00:00,1.13375,-0.0017199999999999646
short,2020-03-18 23:35:00+00:00,1.09022,2020-03-19 01:50:00+00:00,1.09338,-0.0033600000000000504
short,2020-05-13 15:20:00+00:00,1.08744,2020-05-13 16:40:00+00:00,1.08581,0.0014300000000000215
short,2020-07-03 23:45:00+00:00,1.12413,2020-07-06 03:05:00+00:00,1.12596,-0.002029999999999997
short,2020-07-22 16:00:00+00:00,1.15875,2020-07-22 20:15:00+00:00,1.15714,0.0014099999999998905
buy,2020-08-03 00:15:00+00:00,1.17718,2020-08-03 01:25:00+00:00,1.17875,0.0013700000000000725
short,2020-09-10 06:15:00+00:00,1.18216,2020-09-10 11:40:00+00:00,1.18378,-0.0018199999999999536
short,2020-09-14 06:15:00+00:00,1.1849,2020-09-14 11:05:00+00:00,1.1867,-0.002000000000000026
short,2020-09-17 23:00:00+00:00,1.18463,2020-09-18 09:50:00+00:00,1.18622,-0.001789999999999979
short,2020-10-01 02:00:00+00:00,1.17283,2020-10-01 06:05:00+00:00,1.1745,-0.0018700000000000591
short,2020-10-12 00:00:00+00:00,1.18167,2020-10-12 12:25:00+00:00,1.17991,0.001559999999999985
buy,2020-10-28 00:55:00+00:00,1.17869,2020-10-28 01:25:00+00:00,1.17715,-0.0017400000000000956
short,2020-11-04 02:20:00+00:00,1.17519,2020-11-04 02:35:00+00:00,1.17269,0.002299999999999948
short,2020-11-06 14:10:00+00:00,1.18732,2020-11-06 15:55:00+00:00,1.18892,-0.0018000000000000446
short,2020-11-19 22:40:00+00:00,1.18778,2020-11-20 11:00:00+00:00,1.18622,0.001360000000000007
short,2020-12-30 06:55:00+00:00,1.2285,2020-12-30 09:55:00+00:00,1.22673,0.0015699999999998285
buy,2020-12-31 18:55:00+00:00,1.22301,2021-01-04 01:40:00+00:00,1.22471,0.001500000000000036
buy,2021-01-04 22:55:00+00:00,1.22494,2021-01-05 04:25:00+00:00,1.22649,0.0013500000000001636
buy,2021-01-15 23:50:00+00:00,1.2077,2021-01-18 11:50:00+00:00,1.20614,-0.0017600000000000046
short,2021-01-19 10:55:00+00:00,1.21096,2021-01-19 12:10:00+00:00,1.21286,-0.0021000000000000116
short,2021-02-08 22:40:00+00:00,1.20549,2021-02-09 04:10:00+00:00,1.2072,-0.0019100000000000991
short,2021-02-09 05:20:00+00:00,1.20795,2021-02-09 10:55:00+00:00,1.20976,-0.002009999999999866
short,2021-02-09 22:20:00+00:00,1.21176,2021-02-10 10:35:00+00:00,1.21395,-0.002390000000000135
short,2021-02-24 19:55:00+00:00,1.21419,2021-02-24 22:25:00+00:00,1.21598,-0.001989999999999957
short,2021-03-16 08:00:00+00:00,1.19364,2021-03-16 10:05:00+00:00,1.1921,0.001340000000000098
short,2021-03-26 04:45:00+00:00,1.17798,2021-03-26 12:35:00+00:00,1.1796,-0.0018199999999999536
buy,2021-04-05 01:00:00+00:00,1.17663,2021-04-05 08:55:00+00:00,1.17493,-0.0019000000000000336
short,2021-04-23 21:30:00+00:00,1.20888,2021-04-26 03:35:00+00:00,1.2104,-0.0017199999999999646
short,2021-05-11 12:55:00+00:00,1.21657,2021-05-11 21:15:00+00:00,1.21487,0.001500000000000036
short,2021-05-18 22:05:00+00:00,1.22283,2021-05-19 09:25:00+00:00,1.22443,-0.0017999999999998226
short,2021-06-15 08:00:00+00:00,1.21251,2021-06-15 10:10:00+00:00,1.21408,-0.0017700000000000701
short,2021-07-12 17:55:00+00:00,1.18672,2021-07-13 10:50:00+00:00,1.18482,0.001700000000000014
buy,2021-07-20 03:00:00+00:00,1.17973,2021-07-20 08:15:00+00:00,1.1781,-0.0018300000000000191
short,2021-07-28 20:15:00+00:00,1.1815,2021-07-28 21:00:00+00:00,1.17951,0.0017899999999999375
short,2021-07-30 11:40:00+00:00,1.18995,2021-07-30 14:55:00+00:00,1.18836,0.0013899999999999815
short,2021-08-09 06:10:00+00:00,1.17604,2021-08-09 17:55:00+00:00,1.17444,0.001400000000000047
